actor,gross_in_weth,gross_out_weth,net_delta_weth,max_positive_delta_weth,min_negative_delta_weth
aave_arbitrum_weth,10005,10000,5,5,-10000
attack_contract,20630.999746,20005,625.999746,10630.999746,0
jimbo_controller,14402.122913,14402.122913,0,5314.274986,0
jimbo_weth_liquidity_book,18995.567287,19626.567033,-630.999746,4592.034777,-722.240209
weth_pool_helper,9817.888494,9817.888494,0,4592.034777,0
zero_mint_burn,15224.44412,15224.44412,0,10630.999746,0
