actor,gross_in_weth,gross_out_weth,net_delta_weth,max_positive_delta_weth,min_negative_delta_weth
aave_arbitrum_weth,10005.000000,10000.000000,5.000000,5.000000,-10000.000000
attack_contract,20630.999746,20005.000000,625.999746,10630.999746,0.000000
jimbo_controller,14402.122913,14402.122913,0.000000,5314.274986,0.000000
jimbo_weth_liquidity_book,18995.567287,19626.567033,-630.999746,4592.034777,-722.240209
weth_pool_helper,9817.888494,9817.888494,0.000000,4592.034777,0.000000
zero_mint_burn,15224.444120,15224.444120,0.000000,10630.999746,0.000000
