{
  "1000SATSUSDT": {
    "n": 229485,
    "top1_lot": 0.14484171078719743,
    "top10_lot": 0.22809333943394994,
    "burst_share": 0.11573741203128744,
    "max_per_ms": 123,
    "log_skew": -0.44602648399245043,
    "hill": 2.6787929622609115,
    "buyer_maker": 0.5006993921171319,
    "top_lots": [
      [
        2325.0,
        33239
      ],
      [
        500000.0,
        8949
      ],
      [
        4650.0,
        4183
      ],
      [
        3488.0,
        1769
      ],
      [
        2415.0,
        1456
      ],
      [
        100000.0,
        1016
      ],
      [
        502325.0,
        739
      ],
      [
        1000000.0,
        373
      ]
    ],
    "dominant_lot": 2325.0,
    "dominant_lot_trade_share": 0.14484171078719743,
    "dominant_lot_usd_value": 1.304325,
    "dominant_lot_volume_share": 0.000456692189251722
  },
  "BTCUSDT": {
    "n": 2834058,
    "top1_lot": 0.0698182606001712,
    "top10_lot": 0.22331476631741481,
    "burst_share": 0.4384987886627585,
    "max_per_ms": 1736,
    "log_skew": 0.358785776795622,
    "hill": 2.4970951786874673,
    "buyer_maker": 0.5198856198426426,
    "top_lots": [
      [
        8e-05,
        197869
      ],
      [
        0.0003,
        151554
      ],
      [
        9e-05,
        54251
      ],
      [
        0.0001,
        41905
      ],
      [
        0.00012,
        35872
      ],
      [
        0.00016,
        33634
      ],
      [
        0.00014,
        31949
      ],
      [
        0.0002,
        30900
      ]
    ]
  },
  "ETHUSDT": {
    "n": 1737276,
    "top1_lot": 0.09480704274968399,
    "top10_lot": 0.21908493526647463,
    "burst_share": 0.42010883705294955,
    "max_per_ms": 453,
    "log_skew": 0.16644960533359923,
    "hill": 2.9097155118901368,
    "buyer_maker": 0.49542156801797754,
    "top_lots": [
      [
        0.0015,
        164706
      ],
      [
        0.0014,
        72733
      ],
      [
        0.0056,
        39502
      ],
      [
        0.0036,
        16905
      ],
      [
        0.05,
        15687
      ],
      [
        0.0018,
        15255
      ],
      [
        0.2,
        15172
      ],
      [
        0.0028,
        13851
      ]
    ]
  }
}